{"xz": {"inflate": [38.505599999999994, 1.117539636880947], "compress": [103.247, 1.6502246816721642], "volume": 467166932}, "qcow2-c": {"compress": [90.5797, 4.4389337694991555], "volume": 547880960, "inflate": [64.72755, 0.9158806404221033]}, "sfs": {"volume": 1370963880, "inflate": [38.877300000000005, 0.5505542752535854], "compress": [43.47675, 0.1468631590971677]}, "sfs+xz": {"compress": [94.88535, 3.329863064376669], "volume": 466475600, "inflate": [29.252500000000005, 1.0789192509173247]}, "sfs+gzip": {"compress": [44.713899999999995, 3.307551343516832], "volume": 553318105, "inflate": [17.800399999999996, 0.6166440950824063]}, "gzip": {"volume": 567076114, "compress": [45.712599999999995, 1.9701682516983154], "inflate": [27.826600000000003, 0.8732403678254919]}, "qcow2-u": {"inflate": [70.64360000000002, 2.472276064682097], "compress": [62.00719999999999, 0.9116157962650705], "volume": 1377370112}, "pigz": {"compress": [22.093849999999996, 0.7765259348534341], "volume": 565645886, "inflate": [24.43095, 1.1651723681498805]}, "sfs+pixz": {"compress": [23.02475, 3.030442935859378], "volume": 471829920, "inflate": [15.770899999999997, 0.23152902625804836]}, "raw": {"inflate": [121.35005000000001, 3.871105739643391], "compress": [134.13845, 7.899188353717106], "volume": 4508876800}, "sfs+pigz": {"volume": 551532464, "inflate": [17.441750000000006, 0.511256185781649], "compress": [26.722649999999998, 4.667084049757407]}, "sfs+lz4": {"compress": [26.10005, 5.221422693816314], "volume": 656649517, "inflate": [19.948, 1.1620940581553627]}, "pixz": {"volume": 472717384, "compress": [20.5152, 6.926007837130998], "inflate": [21.428500000000003, 0.9139040157478249]}, "lz4": {"inflate": [25.947450000000003, 0.9784893701517664], "volume": 669008432, "compress": [24.0813, 0.3886986107513119]}}