{"pigz": {"inflate": [6.750400000000001, 0.09898808009048365], "volume": 618835844, "compress": [6.998399999999999, 0.06832159248729511]}, "pixz": {"volume": 521351512, "inflate": [6.648000000000001, 0.18075286996338388], "compress": [19.916600000000003, 0.050638325406751554]}, "qcow2-u": {"compress": [5.4719999999999995, 0.6590802682526613], "volume": 1574502400, "inflate": [16.2994, 0.4746988940370519]}, "sfs+pixz": {"volume": 520237516, "compress": [16.7066, 0.07185708037486634], "inflate": [5.8748000000000005, 0.1138848541290721]}, "sfs+lz4": {"compress": [4.8964, 0.1338366168131875], "inflate": [3.6856, 0.6254517087673515], "volume": 720189139}, "raw": {"inflate": [10.299800000000001, 0.07821866784853833], "compress": [5.8944, 0.19502881838333538], "volume": 4508876800}, "xz": {"volume": 515325052, "compress": [78.4854, 0.22067405828506412], "inflate": [22.350399999999997, 0.1781298402851134]}, "sfs": {"inflate": [5.1292, 0.1400462780655025], "volume": 1494138464, "compress": [5.2324, 0.20601999902922066]}, "dd+sparse": {"inflate": [13.3346, 0.13748978143847607], "compress": [9.405999999999999, 0.15651709171844494], "volume": 4508876800}, "gzip": {"compress": [27.1334, 0.06514169171889878], "volume": 620365363, "inflate": [13.195400000000001, 0.37703506468231845]}, "sfs+pigz": {"compress": [6.3658, 0.172136457498114], "volume": 605237630, "inflate": [6.268599999999999, 0.0666591329076519]}, "lz4_sparse": {"volume": 732076471, "inflate": [4.8696, 0.4206269606195021], "compress": [4.3027999999999995, 0.6186777513374795]}, "sfs+gzip": {"compress": [19.431800000000003, 0.23327357329967832], "volume": 607115122, "inflate": [8.064200000000001, 0.13263544021112939]}, "qcow2-c": {"volume": 600440832, "inflate": [7.6878, 0.22028381692716353], "compress": [51.683400000000006, 7.641249782594465]}, "sfs+xz": {"inflate": [18.9156, 0.11137432379143758], "volume": 514716252, "compress": [69.697, 0.5634532811156548]}, "lz4": {"compress": [5.6344, 0.0162800491399751], "volume": 732076471, "inflate": [3.979, 0.15497225558144262]}}