{"xz": {"inflate": [29.479750000000006, 0.546311987329585], "compress": [102.56500000000001, 3.0714054437667437], "volume": 467166932}, "qcow2-c": {"compress": [48.13385, 0.3997992339912627], "volume": 547880960, "inflate": [5.46125, 0.19149879242439105]}, "sfs": {"volume": 1370963880, "inflate": [4.638400000000001, 0.4022734642006604], "compress": [5.42915, 1.5344381145878772]}, "sfs+xz": {"compress": [88.03365, 3.133837476242188], "volume": 466475600, "inflate": [21.911399999999997, 0.20496082552526926]}, "sfs+gzip": {"compress": [35.47115, 0.5512713737352964], "volume": 553318105, "inflate": [9.61225, 0.25058030150033755]}, "gzip": {"volume": 567076115, "compress": [34.02290000000001, 0.40698155977881895], "inflate": [25.193649999999998, 0.8327826412095778]}, "qcow2-u": {"inflate": [1.9281, 0.12397092401043078], "compress": [1.93825, 0.23479903641199207], "volume": 1377370112}, "pigz": {"compress": [6.24485, 0.3962642142560946], "volume": 565645886, "inflate": [15.675999999999997, 0.4157785468251098]}, "sfs+pixz": {"compress": [17.3462, 0.7068884353276687], "volume": 471829920, "inflate": [2.39385, 0.10620182437227718]}, "raw": {"inflate": [15.277249999999999, 0.3645841295229402], "compress": [11.335200000000002, 0.5248968089062842], "volume": 4508876800}, "sfs+pigz": {"volume": 551532464, "inflate": [5.5493999999999994, 0.15235104200496966], "compress": [15.329249999999998, 0.6819612067412634]}, "sfs+lz4": {"compress": [6.396750000000001, 0.5295097614775388], "volume": 656649517, "inflate": [3.2434999999999996, 0.5004378582801267]}, "pixz": {"volume": 472717384, "compress": [10.1366, 0.7293219727939094], "inflate": [10.18445, 0.5380583123602868]}, "lz4": {"inflate": [11.77235, 0.8830327442966087], "volume": 669008432, "compress": [6.12685, 0.7313328431706045]}}