{"pigz": {"inflate": [8.8208, 0.7024190771896786], "volume": 618835844, "compress": [6.3132, 0.0456263082004234]}, "pixz": {"volume": 521351512, "inflate": [4.9336, 0.13981359018350106], "compress": [18.8476, 0.10016905709848732]}, "qcow2-u": {"compress": [0.9368000000000001, 0.2524007923917831], "volume": 1500446720, "inflate": [1.02, 0.6440021739093743]}, "sfs+pixz": {"volume": 520237516, "compress": [16.805600000000002, 0.15922889185069317], "inflate": [4.1966, 0.10285251576893979]}, "sfs+lz4": {"compress": [4.2164, 0.19435904918474992], "inflate": [1.4918, 0.13484420640131337], "volume": 720189139}, "raw": {"inflate": [6.1533999999999995, 0.9045972805619085], "compress": [5.2589999999999995, 0.5789967184708391], "volume": 4508876800}, "xz": {"volume": 515325052, "compress": [77.35979999999999, 0.20552313738360437], "inflate": [22.2228, 0.23518112169134642]}, "sfs": {"inflate": [1.1442, 0.21336766390435083], "volume": 1494138464, "compress": [3.7329999999999997, 0.5115806876730199]}, "dd+sparse": {"inflate": [9.0772, 0.5844403819039199], "compress": [9.559000000000001, 0.17232179200553818], "volume": 4508876800}, "gzip": {"compress": [25.5754, 0.0743521351408273], "volume": 620365368, "inflate": [14.946399999999997, 0.8936568916536144]}, "sfs+pigz": {"compress": [7.0304, 0.5433733891165449], "volume": 605237630, "inflate": [4.4634, 0.1398264638757627]}, "lz4_sparse": {"volume": 732076471, "inflate": [3.1788, 0.08867558852356153], "compress": [4.2168, 0.24215895605985735]}, "sfs+gzip": {"compress": [19.841199999999997, 0.4412642745566421], "volume": 607115122, "inflate": [6.984999999999999, 0.016697305171793252]}, "qcow2-c": {"volume": 600440832, "inflate": [4.3082, 0.2264185504767665], "compress": [45.48100000000001, 6.134176358729834]}, "sfs+xz": {"inflate": [17.711400000000005, 0.018315021157508788], "volume": 514716252, "compress": [68.8388, 0.17195627351161086]}, "lz4": {"compress": [5.3666, 0.6092981536161093], "volume": 732076471, "inflate": [5.6338, 0.3351521445552751]}}