{"xz": {"inflate": [34.77475, 0.7783538318142974], "compress": [101.08399999999999, 0.8084109103667524], "volume": 467166932}, "qcow2-c": {"compress": [47.964150000000004, 0.2746252492033467], "volume": 547880960, "inflate": [17.6554, 0.678738786279376]}, "sfs": {"volume": 1370963880, "inflate": [3.19925, 0.11933686563673435], "compress": [14.111299999999996, 0.6958688885127716]}, "sfs+xz": {"compress": [90.19495, 0.73903210180614], "volume": 466475600, "inflate": [23.568949999999997, 0.3903633531724]}, "sfs+gzip": {"compress": [34.28660000000001, 0.7625680559792681], "volume": 553318105, "inflate": [11.502750000000002, 0.13568856805199173]}, "gzip": {"volume": 567076114, "compress": [33.12565, 0.27280749164933144], "inflate": [23.888799999999996, 0.9233516448244408]}, "qcow2-u": {"inflate": [15.701299999999998, 0.8545771527486559], "compress": [2.6691, 0.05237547135826084], "volume": 1377370112}, "pigz": {"compress": [6.502, 0.07484717763549938], "volume": 565645886, "inflate": [15.698699999999999, 0.489822427007992]}, "sfs+pixz": {"compress": [16.62395, 0.8712838501315171], "volume": 471829920, "inflate": [4.151400000000001, 0.08665298609972996]}, "raw": {"inflate": [9.4448, 0.4377673583080401], "compress": [4.6884, 0.22161484607309137], "volume": 4508876800}, "sfs+pigz": {"volume": 551532464, "inflate": [7.514549999999998, 0.15120498503686966], "compress": [14.914050000000003, 0.8856808948487034]}, "sfs+lz4": {"compress": [15.927749999999998, 1.2160110967832491], "volume": 656649517, "inflate": [4.2834, 0.14516004960043233]}, "pixz": {"volume": 472717384, "compress": [9.1125, 0.37738965274633585], "inflate": [9.58125, 0.20358017462415132]}, "lz4": {"inflate": [10.773850000000001, 0.33431815311167296], "volume": 669008432, "compress": [6.2199, 0.0943106038576787]}}