{"pigz": {"inflate": [52.544200000000004, 0.17339826988756288], "volume": 618835844, "compress": [41.88, 0.11582400442050063]}, "pixz": {"volume": 521351512, "inflate": [52.06079999999999, 0.28803291478579407], "compress": [45.1152, 0.09962409347140827]}, "qcow2-u": {"compress": [42.1616, 0.0663222436291162], "volume": 1574502400, "inflate": [25.120800000000003, 0.15677933537300118]}, "sfs+pixz": {"volume": 520237516, "compress": [66.6958, 0.8395711762560724], "inflate": [15.2958, 0.04695274219893862]}, "sfs+lz4": {"compress": [53.39, 0.3250618402704332], "inflate": [12.883599999999998, 0.08406330947565607], "volume": 720189139}, "raw": {"inflate": [51.30219999999999, 0.07497839688870343], "compress": [42.63179999999999, 0.2554309299986993], "volume": 4508876800}, "xz": {"volume": 515325052, "compress": [97.70779999999999, 0.5561296251774366], "inflate": [65.39479999999999, 0.11446466703747497]}, "sfs": {"inflate": [14.229200000000002, 0.07292571562898809], "volume": 1494138464, "compress": [52.251999999999995, 0.5491112819820785]}, "dd+sparse": {"inflate": [901.1288000000001, 2.4296942523700515], "compress": [55.5616, 0.8112751937536353], "volume": 4508876800}, "gzip": {"compress": [60.8802, 0.5963902749039428], "volume": 620365361, "inflate": [54.8146, 0.18382448150341732]}, "sfs+pigz": {"compress": [54.532999999999994, 0.3345187588163029], "volume": 605237630, "inflate": [15.6668, 0.09133542576678545]}, "lz4_sparse": {"volume": 732076471, "inflate": [22.6028, 0.10877573258774241], "compress": [49.3118, 0.16675658907521462]}, "sfs+gzip": {"compress": [68.99000000000001, 0.6636821528412545], "volume": 607115122, "inflate": [18.4694, 0.12609773986872255]}, "qcow2-c": {"volume": 600440832, "inflate": [16.1892, 0.0655939021556118], "compress": [89.7742, 6.903487362196007]}, "sfs+xz": {"inflate": [29.1022, 0.06478703574018499], "volume": 514716252, "compress": [119.4096, 0.4607791661956938]}, "lz4": {"compress": [48.585, 0.8741494151459465], "volume": 732076471, "inflate": [49.072199999999995, 0.12801781126077752]}}