{"pigz": {"inflate": [6.606399999999999, 0.09825395666333224], "volume": 618835844, "compress": [6.319599999999999, 0.02334609175001256]}, "pixz": {"volume": 521351512, "inflate": [6.491, 0.1036359011153955], "compress": [19.1846, 0.08761415410765552]}, "qcow2-u": {"compress": [2.5814, 0.39811284832318594], "volume": 1574502400, "inflate": [3.8262, 0.6744667226779985]}, "sfs+pixz": {"volume": 520237516, "compress": [16.522399999999998, 0.040760765449142755], "inflate": [5.732200000000001, 0.11587475997817656]}, "sfs+lz4": {"compress": [3.5625999999999998, 0.007709734106958571], "inflate": [3.0158, 0.08101209786198606], "volume": 720189139}, "raw": {"inflate": [2.8198, 0.02744011661782809], "compress": [1.5792, 0.0704482789001974], "volume": 4508876800}, "xz": {"volume": 515325052, "compress": [78.20020000000001, 0.2957731563208533], "inflate": [22.224200000000003, 0.21149789597062224]}, "sfs": {"inflate": [2.4918, 0.0861798120211456], "volume": 1494138464, "compress": [2.6106000000000003, 0.22236420575263457]}, "dd+sparse": {"inflate": [10.8088, 0.7559678300033671], "compress": [7.5844, 0.007172168430816376], "volume": 4508876800}, "gzip": {"compress": [25.9458, 0.053585072548238924], "volume": 620365363, "inflate": [12.812999999999999, 0.08868596281261212]}, "sfs+pigz": {"compress": [5.8100000000000005, 0.2038803570724752], "volume": 605237630, "inflate": [6.1012, 0.02713226861137865]}, "lz4_sparse": {"volume": 732076471, "inflate": [4.045399999999999, 0.20755876276370494], "compress": [3.8552, 0.19488601796947896]}, "sfs+gzip": {"compress": [18.7928, 0.05690131808666609], "volume": 607115122, "inflate": [7.981199999999999, 0.12246044259270011]}, "qcow2-c": {"volume": 600440832, "inflate": [6.1596, 0.1338216723853052], "compress": [57.0462, 14.33044364142297]}, "sfs+xz": {"inflate": [18.575200000000002, 0.14859528929276306], "volume": 514716252, "compress": [68.87819999999999, 0.2851605863368904]}, "lz4": {"compress": [4.2616, 0.04555260695064567], "volume": 732076471, "inflate": [3.4032000000000004, 0.1284420491895081]}}